cell_line,agent,concentration,plate,pin,well,cell_count,cell_count__ctrl,cell_count__time0,GRvalue,barcode,timepoint
MCF10A,Alpelisib/BYL719,0.001,1,pin1,I11,24064,22675.7,1740.62987,1.032349359,center1_scientistC_biolrep1_techreplicate_1,72
MCF10A,Alpelisib/BYL719,0.001,2,pin1,I11,25412,23038.8,1740.62987,1.0533186490000002,center1_scientistC_biolrep1_techreplicate_2,72
MCF10A,Alpelisib/BYL719,0.001,3,pin2,B22,22785,23938.4,1740.62987,0.974053399,center1_scientistC_biolrep1_techreplicate_3,72
MCF10A,Alpelisib/BYL719,0.001,4,pin2,B22,21811,23525.7,1740.62987,0.960111448,center1_scientistC_biolrep1_techreplicate_4,72
MCF10A,Alpelisib/BYL719,0.0031623000000000003,1,pin1,I10,23642,22675.7,1740.62987,1.022663595,center1_scientistC_biolrep1_techreplicate_1,72
MCF10A,Alpelisib/BYL719,0.0031623000000000003,2,pin1,I10,23657,23038.8,1740.62987,1.014262408,center1_scientistC_biolrep1_techreplicate_2,72
MCF10A,Alpelisib/BYL719,0.0031623000000000003,3,pin2,B21,23889,23938.4,1740.62987,0.998907778,center1_scientistC_biolrep1_techreplicate_3,72
MCF10A,Alpelisib/BYL719,0.0031623000000000003,4,pin2,B21,22953,23525.7,1740.62987,0.986921996,center1_scientistC_biolrep1_techreplicate_4,72
MCF10A,Alpelisib/BYL719,0.01,1,pin1,I09,22669,22675.7,1740.62987,0.999840418,center1_scientistC_biolrep1_techreplicate_1,72
MCF10A,Alpelisib/BYL719,0.01,2,pin1,I09,23086,23038.8,1740.62987,1.001098751,center1_scientistC_biolrep1_techreplicate_2,72
MCF10A,Alpelisib/BYL719,0.01,3,pin2,B20,22556,23938.4,1740.62987,0.968787454,center1_scientistC_biolrep1_techreplicate_3,72
MCF10A,Alpelisib/BYL719,0.01,4,pin2,B20,21720,23525.7,1740.62987,0.957931116,center1_scientistC_biolrep1_techreplicate_4,72
MCF10A,Alpelisib/BYL719,0.031623000000000005,1,pin1,I08,21926,22675.7,1740.62987,0.981925809,center1_scientistC_biolrep1_techreplicate_1,72
MCF10A,Alpelisib/BYL719,0.031623000000000005,2,pin1,I08,21812,23038.8,1740.62987,0.970845908,center1_scientistC_biolrep1_techreplicate_2,72
MCF10A,Alpelisib/BYL719,0.031623000000000005,3,pin2,B19,22032,23938.4,1740.62987,0.956588227,center1_scientistC_biolrep1_techreplicate_3,72
MCF10A,Alpelisib/BYL719,0.031623000000000005,4,pin2,B19,19732,23525.7,1740.62987,0.908533645,center1_scientistC_biolrep1_techreplicate_4,72
MCF10A,Alpelisib/BYL719,0.1,1,pin1,I07,19621,22675.7,1740.62987,0.923367277,center1_scientistC_biolrep1_techreplicate_1,72
MCF10A,Alpelisib/BYL719,0.1,2,pin1,I07,19550,23038.8,1740.62987,0.913782824,center1_scientistC_biolrep1_techreplicate_2,72
MCF10A,Alpelisib/BYL719,0.1,3,pin2,B18,19051,23938.4,1740.62987,0.882799261,center1_scientistC_biolrep1_techreplicate_3,72
MCF10A,Alpelisib/BYL719,0.1,4,pin2,B18,18664,23525.7,1740.62987,0.880471256,center1_scientistC_biolrep1_techreplicate_4,72
MCF10A,Alpelisib/BYL719,0.31623,1,pin1,I06,19596,22675.7,1740.62987,0.922705251,center1_scientistC_biolrep1_techreplicate_1,72
MCF10A,Alpelisib/BYL719,0.31623,2,pin1,I06,17928,23038.8,1740.62987,0.869814137,center1_scientistC_biolrep1_techreplicate_2,72
MCF10A,Alpelisib/BYL719,0.31623,3,pin2,B17,16629,23938.4,1740.62987,0.816304623,center1_scientistC_biolrep1_techreplicate_3,72
MCF10A,Alpelisib/BYL719,0.31623,4,pin2,B17,17013,23525.7,1740.62987,0.834674678,center1_scientistC_biolrep1_techreplicate_4,72
MCF10A,Alpelisib/BYL719,1.0,1,pin1,I05,15644,22675.7,1740.62987,0.8092547309999999,center1_scientistC_biolrep1_techreplicate_1,72
MCF10A,Alpelisib/BYL719,1.0,2,pin1,I05,14448,23038.8,1740.62987,0.7646027440000001,center1_scientistC_biolrep1_techreplicate_2,72
MCF10A,Alpelisib/BYL719,1.0,3,pin2,B16,15297,23938.4,1740.62987,0.7766435540000001,center1_scientistC_biolrep1_techreplicate_3,72
MCF10A,Alpelisib/BYL719,1.0,4,pin2,B16,13979,23525.7,1740.62987,0.741208678,center1_scientistC_biolrep1_techreplicate_4,72
MCF10A,Alpelisib/BYL719,3.1623,1,pin1,I04,13344,22675.7,1740.62987,0.733212608,center1_scientistC_biolrep1_techreplicate_1,72
MCF10A,Alpelisib/BYL719,3.1623,2,pin1,I04,11689,23038.8,1740.62987,0.667055224,center1_scientistC_biolrep1_techreplicate_2,72
MCF10A,Alpelisib/BYL719,3.1623,3,pin2,B15,12335,23938.4,1740.62987,0.6783568809999999,center1_scientistC_biolrep1_techreplicate_3,72
MCF10A,Alpelisib/BYL719,3.1623,4,pin2,B15,10995,23525.7,1740.62987,0.633394632,center1_scientistC_biolrep1_techreplicate_4,72
MCF10A,Alpelisib/BYL719,10.0,1,pin1,I03,7779,22675.7,1740.62987,0.498200587,center1_scientistC_biolrep1_techreplicate_1,72
MCF10A,Alpelisib/BYL719,10.0,2,pin1,I03,6914,23038.8,1740.62987,0.447944091,center1_scientistC_biolrep1_techreplicate_2,72
MCF10A,Alpelisib/BYL719,10.0,3,pin2,B14,7961,23938.4,1740.62987,0.494845383,center1_scientistC_biolrep1_techreplicate_3,72
MCF10A,Alpelisib/BYL719,10.0,4,pin2,B14,6542,23525.7,1740.62987,0.422547627,center1_scientistC_biolrep1_techreplicate_4,72
MCF10A,Dasatinib,0.001,1,pin1,F22,20227,22675.7,1740.62987,0.939229651,center1_scientistC_biolrep1_techreplicate_1,72
MCF10A,Dasatinib,0.001,2,pin1,F22,21347,23038.8,1740.62987,0.959481723,center1_scientistC_biolrep1_techreplicate_2,72
MCF10A,Dasatinib,0.001,3,pin2,M11,22889,23938.4,1740.62987,0.976432071,center1_scientistC_biolrep1_techreplicate_3,72
MCF10A,Dasatinib,0.001,4,pin2,M11,23327,23525.7,1740.62987,0.995489281,center1_scientistC_biolrep1_techreplicate_4,72
MCF10A,Dasatinib,0.0031623000000000003,1,pin1,F21,20307,22675.7,1740.62987,0.941297665,center1_scientistC_biolrep1_techreplicate_1,72
MCF10A,Dasatinib,0.0031623000000000003,2,pin1,F21,19811,23038.8,1740.62987,0.920606036,center1_scientistC_biolrep1_techreplicate_2,72
MCF10A,Dasatinib,0.0031623000000000003,3,pin2,M10,23074,23938.4,1740.62987,0.980643788,center1_scientistC_biolrep1_techreplicate_3,72
MCF10A,Dasatinib,0.0031623000000000003,4,pin2,M10,21762,23525.7,1740.62987,0.958938254,center1_scientistC_biolrep1_techreplicate_4,72
MCF10A,Dasatinib,0.01,1,pin1,F20,19332,22675.7,1740.62987,0.915676344,center1_scientistC_biolrep1_techreplicate_1,72
MCF10A,Dasatinib,0.01,2,pin1,F20,18139,23038.8,1740.62987,0.875694447,center1_scientistC_biolrep1_techreplicate_2,72
MCF10A,Dasatinib,0.01,3,pin2,M09,19963,23938.4,1740.62987,0.906225067,center1_scientistC_biolrep1_techreplicate_3,72
MCF10A,Dasatinib,0.01,4,pin2,M09,19912,23525.7,1740.62987,0.913152804,center1_scientistC_biolrep1_techreplicate_4,72
MCF10A,Dasatinib,0.031623000000000005,1,pin1,F19,17874,22675.7,1740.62987,0.875541536,center1_scientistC_biolrep1_techreplicate_1,72
MCF10A,Dasatinib,0.031623000000000005,2,pin1,F19,17884,23038.8,1740.62987,0.8685815379999999,center1_scientistC_biolrep1_techreplicate_2,72
MCF10A,Dasatinib,0.031623000000000005,3,pin2,M08,18595,23938.4,1740.62987,0.8707757840000001,center1_scientistC_biolrep1_techreplicate_3,72
MCF10A,Dasatinib,0.031623000000000005,4,pin2,M08,16502,23525.7,1740.62987,0.8198408629999999,center1_scientistC_biolrep1_techreplicate_4,72
MCF10A,Dasatinib,0.1,1,pin1,F18,13077,22675.7,1740.62987,0.723779263,center1_scientistC_biolrep1_techreplicate_1,72
MCF10A,Dasatinib,0.1,2,pin1,F18,12057,23038.8,1740.62987,0.680980122,center1_scientistC_biolrep1_techreplicate_2,72
MCF10A,Dasatinib,0.1,3,pin2,M07,13584,23938.4,1740.62987,0.721714396,center1_scientistC_biolrep1_techreplicate_3,72
MCF10A,Dasatinib,0.1,4,pin2,M07,12648,23525.7,1740.62987,0.695443211,center1_scientistC_biolrep1_techreplicate_4,72
MCF10A,Dasatinib,0.31623,1,pin1,F17,7274,22675.7,1740.62987,0.471291849,center1_scientistC_biolrep1_techreplicate_1,72
MCF10A,Dasatinib,0.31623,2,pin1,F17,7155,23038.8,1740.62987,0.461318931,center1_scientistC_biolrep1_techreplicate_2,72
MCF10A,Dasatinib,0.31623,3,pin2,M06,8050,23938.4,1740.62987,0.499246471,center1_scientistC_biolrep1_techreplicate_3,72
MCF10A,Dasatinib,0.31623,4,pin2,M06,7758,23525.7,1740.62987,0.488593619,center1_scientistC_biolrep1_techreplicate_4,72
MCF10A,Dasatinib,1.0,1,pin1,F16,6372,22675.7,1740.62987,0.419624541,center1_scientistC_biolrep1_techreplicate_1,72
MCF10A,Dasatinib,1.0,2,pin1,F16,5915,23038.8,1740.62987,0.388557988,center1_scientistC_biolrep1_techreplicate_2,72
MCF10A,Dasatinib,1.0,3,pin2,M05,6552,23938.4,1740.62987,0.419798511,center1_scientistC_biolrep1_techreplicate_3,72
MCF10A,Dasatinib,1.0,4,pin2,M05,6587,23525.7,1740.62987,0.425145906,center1_scientistC_biolrep1_techreplicate_4,72
MCF10A,Dasatinib,3.1623,1,pin1,F15,2539,22675.7,1740.62987,0.107314628,center1_scientistC_biolrep1_techreplicate_1,72
MCF10A,Dasatinib,3.1623,2,pin1,F15,2052,23038.8,1740.62987,0.045152583,center1_scientistC_biolrep1_techreplicate_2,72
MCF10A,Dasatinib,3.1623,3,pin2,M04,2887,23938.4,1740.62987,0.143160146,center1_scientistC_biolrep1_techreplicate_3,72
MCF10A,Dasatinib,3.1623,4,pin2,M04,2815,23525.7,1740.62987,0.136515491,center1_scientistC_biolrep1_techreplicate_4,72
MCF10A,Dasatinib,10.0,1,pin1,F14,1340,22675.7,1740.62987,-0.068193817,center1_scientistC_biolrep1_techreplicate_1,72
MCF10A,Dasatinib,10.0,2,pin1,F14,1270,23038.8,1740.62987,-0.08111482099999999,center1_scientistC_biolrep1_techreplicate_2,72
MCF10A,Dasatinib,10.0,3,pin2,M03,1655,23938.4,1740.62987,-0.013251125,center1_scientistC_biolrep1_techreplicate_3,72
MCF10A,Dasatinib,10.0,4,pin2,M03,1575,23525.7,1740.62987,-0.0262668,center1_scientistC_biolrep1_techreplicate_4,72
MCF10A,Neratinib/HKI272,0.00031623,1,pin1,K22,23017,22675.7,1740.62987,1.008083984,center1_scientistC_biolrep1_techreplicate_1,72
MCF10A,Neratinib/HKI272,0.00031623,2,pin1,K22,23251,23038.8,1740.62987,1.004926856,center1_scientistC_biolrep1_techreplicate_2,72
MCF10A,Neratinib/HKI272,0.00031623,3,pin2,D11,24338,23938.4,1740.62987,1.008774668,center1_scientistC_biolrep1_techreplicate_3,72
MCF10A,Neratinib/HKI272,0.00031623,4,pin2,D11,23755,23525.7,1740.62987,1.005170761,center1_scientistC_biolrep1_techreplicate_4,72
MCF10A,Neratinib/HKI272,0.001,1,pin1,K21,23581,22675.7,1740.62987,1.021253104,center1_scientistC_biolrep1_techreplicate_1,72
MCF10A,Neratinib/HKI272,0.001,2,pin1,K21,23545,23038.8,1740.62987,1.011698867,center1_scientistC_biolrep1_techreplicate_2,72
MCF10A,Neratinib/HKI272,0.001,3,pin2,D10,24096,23938.4,1740.62987,1.003473453,center1_scientistC_biolrep1_techreplicate_3,72
MCF10A,Neratinib/HKI272,0.001,4,pin2,D10,23971,23525.7,1740.62987,1.010008211,center1_scientistC_biolrep1_techreplicate_4,72
MCF10A,Neratinib/HKI272,0.0031623000000000003,1,pin1,K20,24105,22675.7,1740.62987,1.033283766,center1_scientistC_biolrep1_techreplicate_1,72
MCF10A,Neratinib/HKI272,0.0031623000000000003,2,pin1,K20,23892,23038.8,1740.62987,1.019612541,center1_scientistC_biolrep1_techreplicate_2,72
MCF10A,Neratinib/HKI272,0.0031623000000000003,3,pin2,D09,24617,23938.4,1740.62987,1.014838497,center1_scientistC_biolrep1_techreplicate_3,72
MCF10A,Neratinib/HKI272,0.0031623000000000003,4,pin2,D09,21626,23525.7,1740.62987,0.955671856,center1_scientistC_biolrep1_techreplicate_4,72
MCF10A,Neratinib/HKI272,0.01,1,pin1,K19,21789,22675.7,1740.62987,0.978574357,center1_scientistC_biolrep1_techreplicate_1,72
MCF10A,Neratinib/HKI272,0.01,2,pin1,K19,21886,23038.8,1740.62987,0.972638011,center1_scientistC_biolrep1_techreplicate_2,72
MCF10A,Neratinib/HKI272,0.01,3,pin2,D08,22810,23938.4,1740.62987,0.974625923,center1_scientistC_biolrep1_techreplicate_3,72
MCF10A,Neratinib/HKI272,0.01,4,pin2,D08,22559,23525.7,1740.62987,0.977785039,center1_scientistC_biolrep1_techreplicate_4,72
MCF10A,Neratinib/HKI272,0.031623000000000005,1,pin1,K18,12213,22675.7,1740.62987,0.692255677,center1_scientistC_biolrep1_techreplicate_1,72
MCF10A,Neratinib/HKI272,0.031623000000000005,2,pin1,K18,10269,23038.8,1740.62987,0.610108484,center1_scientistC_biolrep1_techreplicate_2,72
MCF10A,Neratinib/HKI272,0.031623000000000005,3,pin2,D07,12652,23938.4,1740.62987,0.689656397,center1_scientistC_biolrep1_techreplicate_3,72
MCF10A,Neratinib/HKI272,0.031623000000000005,4,pin2,D07,11364,23525.7,1740.62987,0.6478109439999999,center1_scientistC_biolrep1_techreplicate_4,72
MCF10A,Neratinib/HKI272,0.1,1,pin1,K17,6234,22675.7,1740.62987,0.411256359,center1_scientistC_biolrep1_techreplicate_1,72
MCF10A,Neratinib/HKI272,0.1,2,pin1,K17,4939,23038.8,1740.62987,0.322962322,center1_scientistC_biolrep1_techreplicate_2,72
MCF10A,Neratinib/HKI272,0.1,3,pin2,D06,5638,23938.4,1740.62987,0.364497157,center1_scientistC_biolrep1_techreplicate_3,72
MCF10A,Neratinib/HKI272,0.1,4,pin2,D06,5934,23525.7,1740.62987,0.386084581,center1_scientistC_biolrep1_techreplicate_4,72
MCF10A,Neratinib/HKI272,0.31623,1,pin1,K16,3783,22675.7,1740.62987,0.233192642,center1_scientistC_biolrep1_techreplicate_1,72
MCF10A,Neratinib/HKI272,0.31623,2,pin1,K16,2997,23038.8,1740.62987,0.156982758,center1_scientistC_biolrep1_techreplicate_2,72
MCF10A,Neratinib/HKI272,0.31623,3,pin2,D05,3372,23938.4,1740.62987,0.191079608,center1_scientistC_biolrep1_techreplicate_3,72
MCF10A,Neratinib/HKI272,0.31623,4,pin2,D05,3311,23525.7,1740.62987,0.186690409,center1_scientistC_biolrep1_techreplicate_4,72
MCF10A,Neratinib/HKI272,1.0,1,pin1,K15,3058,22675.7,1740.62987,0.16434485699999998,center1_scientistC_biolrep1_techreplicate_1,72
MCF10A,Neratinib/HKI272,1.0,2,pin1,K15,2923,23038.8,1740.62987,0.149246235,center1_scientistC_biolrep1_techreplicate_2,72
MCF10A,Neratinib/HKI272,1.0,3,pin2,D04,2630,23938.4,1740.62987,0.115320852,center1_scientistC_biolrep1_techreplicate_3,72
MCF10A,Neratinib/HKI272,1.0,4,pin2,D04,2661,23525.7,1740.62987,0.11962123,center1_scientistC_biolrep1_techreplicate_4,72
MCF10A,Neratinib/HKI272,3.1623,1,pin1,K14,2354,22675.7,1740.62987,0.084923913,center1_scientistC_biolrep1_techreplicate_1,72
MCF10A,Neratinib/HKI272,3.1623,2,pin1,K14,2495,23038.8,1740.62987,0.101441287,center1_scientistC_biolrep1_techreplicate_2,72
MCF10A,Neratinib/HKI272,3.1623,3,pin2,D03,2204,23938.4,1740.62987,0.06440270099999999,center1_scientistC_biolrep1_techreplicate_3,72
MCF10A,Neratinib/HKI272,3.1623,4,pin2,D03,1965,23525.7,1740.62987,0.032802133,center1_scientistC_biolrep1_techreplicate_4,72
MCF10A,Paclitaxel,0.0001,1,pin1,B11,16248,22675.7,1740.62987,0.827856385,center1_scientistC_biolrep1_techreplicate_1,72
MCF10A,Paclitaxel,0.0001,2,pin1,B11,16698,23038.8,1740.62987,0.8344884020000001,center1_scientistC_biolrep1_techreplicate_2,72
MCF10A,Paclitaxel,0.0001,3,pin2,I22,23955,23938.4,1740.62987,1.00036665,center1_scientistC_biolrep1_techreplicate_3,72
MCF10A,Paclitaxel,0.0001,4,pin2,I22,22433,23525.7,1740.62987,0.974838366,center1_scientistC_biolrep1_techreplicate_4,72
MCF10A,Paclitaxel,0.00031623,1,pin1,B10,22044,22675.7,1740.62987,0.984800231,center1_scientistC_biolrep1_techreplicate_1,72
MCF10A,Paclitaxel,0.00031623,2,pin1,B10,21710,23038.8,1740.62987,0.968368406,center1_scientistC_biolrep1_techreplicate_2,72
MCF10A,Paclitaxel,0.00031623,3,pin2,I21,23401,23938.4,1740.62987,0.988027919,center1_scientistC_biolrep1_techreplicate_3,72
MCF10A,Paclitaxel,0.00031623,4,pin2,I21,23780,23525.7,1740.62987,1.005732298,center1_scientistC_biolrep1_techreplicate_4,72
MCF10A,Paclitaxel,0.001,1,pin1,B09,14819,22675.7,1740.62987,0.782980129,center1_scientistC_biolrep1_techreplicate_1,72
MCF10A,Paclitaxel,0.001,2,pin1,B09,14315,23038.8,1740.62987,0.7602288220000001,center1_scientistC_biolrep1_techreplicate_2,72
MCF10A,Paclitaxel,0.001,3,pin2,I20,20188,23938.4,1740.62987,0.911883,center1_scientistC_biolrep1_techreplicate_3,72
MCF10A,Paclitaxel,0.001,4,pin2,I20,20175,23525.7,1740.62987,0.919847131,center1_scientistC_biolrep1_techreplicate_4,72
MCF10A,Paclitaxel,0.0031623000000000003,1,pin1,B08,5268,22675.7,1740.62987,0.348534198,center1_scientistC_biolrep1_techreplicate_1,72
MCF10A,Paclitaxel,0.0031623000000000003,2,pin1,B08,3887,23038.8,1740.62987,0.240600103,center1_scientistC_biolrep1_techreplicate_2,72
MCF10A,Paclitaxel,0.0031623000000000003,3,pin2,I19,4943,23938.4,1740.62987,0.317844822,center1_scientistC_biolrep1_techreplicate_3,72
MCF10A,Paclitaxel,0.0031623000000000003,4,pin2,I19,4533,23525.7,1740.62987,0.29019201,center1_scientistC_biolrep1_techreplicate_4,72
MCF10A,Paclitaxel,0.01,1,pin1,B07,1665,22675.7,1740.62987,-0.011923039,center1_scientistC_biolrep1_techreplicate_1,72
MCF10A,Paclitaxel,0.01,2,pin1,B07,1227,23038.8,1740.62987,-0.089569378,center1_scientistC_biolrep1_techreplicate_2,72
MCF10A,Paclitaxel,0.01,3,pin2,I18,1895,23938.4,1740.62987,0.022723872000000003,center1_scientistC_biolrep1_techreplicate_3,72
MCF10A,Paclitaxel,0.01,4,pin2,I18,1677,23525.7,1740.62987,-0.009864507,center1_scientistC_biolrep1_techreplicate_4,72
MCF10A,Paclitaxel,0.031623000000000005,1,pin1,B06,975,22675.7,1740.62987,-0.144862124,center1_scientistC_biolrep1_techreplicate_1,72
MCF10A,Paclitaxel,0.031623000000000005,2,pin1,B06,908,23038.8,1740.62987,-0.16023671,center1_scientistC_biolrep1_techreplicate_2,72
MCF10A,Paclitaxel,0.031623000000000005,3,pin2,I17,865,23938.4,1740.62987,-0.168822841,center1_scientistC_biolrep1_techreplicate_3,72
MCF10A,Paclitaxel,0.031623000000000005,4,pin2,I17,906,23525.7,1740.62987,-0.159551478,center1_scientistC_biolrep1_techreplicate_4,72
MCF10A,Paclitaxel,0.1,1,pin1,B05,714,22675.7,1740.62987,-0.213857879,center1_scientistC_biolrep1_techreplicate_1,72
MCF10A,Paclitaxel,0.1,2,pin1,B05,632,23038.8,1740.62987,-0.238050955,center1_scientistC_biolrep1_techreplicate_2,72
MCF10A,Paclitaxel,0.1,3,pin2,I16,868,23938.4,1740.62987,-0.168061525,center1_scientistC_biolrep1_techreplicate_3,72
MCF10A,Paclitaxel,0.1,4,pin2,I16,858,23525.7,1740.62987,-0.17164236800000002,center1_scientistC_biolrep1_techreplicate_4,72
MCF10A,Paclitaxel,0.31623,1,pin1,B04,840,22675.7,1740.62987,-0.178591523,center1_scientistC_biolrep1_techreplicate_1,72
MCF10A,Paclitaxel,0.31623,2,pin1,B04,785,23038.8,1740.62987,-0.192407271,center1_scientistC_biolrep1_techreplicate_2,72
MCF10A,Paclitaxel,0.31623,3,pin2,I15,870,23938.4,1740.62987,-0.167555056,center1_scientistC_biolrep1_techreplicate_3,72
MCF10A,Paclitaxel,0.31623,4,pin2,I15,903,23525.7,1740.62987,-0.160293202,center1_scientistC_biolrep1_techreplicate_4,72
MCF10A,Paclitaxel,1.0,1,pin1,B03,780,22675.7,1740.62987,-0.194864905,center1_scientistC_biolrep1_techreplicate_1,72
MCF10A,Paclitaxel,1.0,2,pin1,B03,840,23038.8,1740.62987,-0.17759703100000002,center1_scientistC_biolrep1_techreplicate_2,72
MCF10A,Paclitaxel,1.0,3,pin2,I14,958,23938.4,1740.62987,-0.146072222,center1_scientistC_biolrep1_techreplicate_3,72
MCF10A,Paclitaxel,1.0,4,pin2,I14,707,23525.7,1740.62987,-0.2132461,center1_scientistC_biolrep1_techreplicate_4,72
MCF10A,Palbociclib/PD0332991,0.00031623,1,pin1,G11,24377,22675.7,1740.62987,1.03945356,center1_scientistC_biolrep1_techreplicate_1,72
MCF10A,Palbociclib/PD0332991,0.00031623,2,pin1,G11,24846,23038.8,1740.62987,1.04094447,center1_scientistC_biolrep1_techreplicate_2,72
MCF10A,Palbociclib/PD0332991,0.00031623,3,pin2,N22,23045,23938.4,1740.62987,0.979985218,center1_scientistC_biolrep1_techreplicate_3,72
MCF10A,Palbociclib/PD0332991,0.00031623,4,pin2,N22,22456,23525.7,1740.62987,0.975377156,center1_scientistC_biolrep1_techreplicate_4,72
MCF10A,Palbociclib/PD0332991,0.001,1,pin1,G10,24309,22675.7,1740.62987,1.037915842,center1_scientistC_biolrep1_techreplicate_1,72
MCF10A,Palbociclib/PD0332991,0.001,2,pin1,G10,23525,23038.8,1740.62987,1.011240153,center1_scientistC_biolrep1_techreplicate_2,72
MCF10A,Palbociclib/PD0332991,0.001,3,pin2,N21,24161,23938.4,1740.62987,1.004901166,center1_scientistC_biolrep1_techreplicate_3,72
MCF10A,Palbociclib/PD0332991,0.001,4,pin2,N21,23256,23525.7,1740.62987,0.993870663,center1_scientistC_biolrep1_techreplicate_4,72
MCF10A,Palbociclib/PD0332991,0.0031623000000000003,1,pin1,G09,22172,22675.7,1740.62987,0.987905575,center1_scientistC_biolrep1_techreplicate_1,72
MCF10A,Palbociclib/PD0332991,0.0031623000000000003,2,pin1,G09,22631,23038.8,1740.62987,0.990437714,center1_scientistC_biolrep1_techreplicate_2,72
MCF10A,Palbociclib/PD0332991,0.0031623000000000003,3,pin2,N20,22888,23938.4,1740.62987,0.976409237,center1_scientistC_biolrep1_techreplicate_3,72
MCF10A,Palbociclib/PD0332991,0.0031623000000000003,4,pin2,N20,22583,23525.7,1740.62987,0.97834494,center1_scientistC_biolrep1_techreplicate_4,72
MCF10A,Palbociclib/PD0332991,0.01,1,pin1,G08,20795,22675.7,1740.62987,0.953785415,center1_scientistC_biolrep1_techreplicate_1,72
MCF10A,Palbociclib/PD0332991,0.01,2,pin1,G08,20783,23038.8,1740.62987,0.945452365,center1_scientistC_biolrep1_techreplicate_2,72
MCF10A,Palbociclib/PD0332991,0.01,3,pin2,N19,20938,23938.4,1740.62987,0.930414037,center1_scientistC_biolrep1_techreplicate_3,72
MCF10A,Palbociclib/PD0332991,0.01,4,pin2,N19,20177,23525.7,1740.62987,0.919897792,center1_scientistC_biolrep1_techreplicate_4,72
MCF10A,Palbociclib/PD0332991,0.031623000000000005,1,pin1,G07,17080,22675.7,1740.62987,0.852670535,center1_scientistC_biolrep1_techreplicate_1,72
MCF10A,Palbociclib/PD0332991,0.031623000000000005,2,pin1,G07,17059,23038.8,1740.62987,0.84504841,center1_scientistC_biolrep1_techreplicate_2,72
MCF10A,Palbociclib/PD0332991,0.031623000000000005,3,pin2,N18,17606,23938.4,1740.62987,0.84393345,center1_scientistC_biolrep1_techreplicate_3,72
MCF10A,Palbociclib/PD0332991,0.031623000000000005,4,pin2,N18,17604,23525.7,1740.62987,0.851428537,center1_scientistC_biolrep1_techreplicate_4,72
MCF10A,Palbociclib/PD0332991,0.1,1,pin1,G06,13762,22675.7,1740.62987,0.7477079529999999,center1_scientistC_biolrep1_techreplicate_1,72
MCF10A,Palbociclib/PD0332991,0.1,2,pin1,G06,13306,23038.8,1740.62987,0.726038422,center1_scientistC_biolrep1_techreplicate_2,72
MCF10A,Palbociclib/PD0332991,0.1,3,pin2,N17,14182,23938.4,1740.62987,0.7414405059999999,center1_scientistC_biolrep1_techreplicate_3,72
MCF10A,Palbociclib/PD0332991,0.1,4,pin2,N17,13646,23525.7,1740.62987,0.7300692990000001,center1_scientistC_biolrep1_techreplicate_4,72
MCF10A,Palbociclib/PD0332991,0.31623,1,pin1,G05,11015,22675.7,1740.62987,0.645731496,center1_scientistC_biolrep1_techreplicate_1,72
MCF10A,Palbociclib/PD0332991,0.31623,2,pin1,G05,10841,23038.8,1740.62987,0.633700995,center1_scientistC_biolrep1_techreplicate_2,72
MCF10A,Palbociclib/PD0332991,0.31623,3,pin2,N16,11518,23938.4,1740.62987,0.64821618,center1_scientistC_biolrep1_techreplicate_3,72
MCF10A,Palbociclib/PD0332991,0.31623,4,pin2,N16,11755,23525.7,1740.62987,0.662716683,center1_scientistC_biolrep1_techreplicate_4,72
MCF10A,Palbociclib/PD0332991,1.0,1,pin1,G04,9423,22675.7,1740.62987,0.577804066,center1_scientistC_biolrep1_techreplicate_1,72
MCF10A,Palbociclib/PD0332991,1.0,2,pin1,G04,9144,23038.8,1740.62987,0.5607456279999999,center1_scientistC_biolrep1_techreplicate_2,72
MCF10A,Palbociclib/PD0332991,1.0,3,pin2,N15,9174,23938.4,1740.62987,0.5519693139999999,center1_scientistC_biolrep1_techreplicate_3,72
MCF10A,Palbociclib/PD0332991,1.0,4,pin2,N15,8888,23525.7,1740.62987,0.543463892,center1_scientistC_biolrep1_techreplicate_4,72
MCF10A,Palbociclib/PD0332991,3.1623,1,pin1,G03,6223,22675.7,1740.62987,0.410583532,center1_scientistC_biolrep1_techreplicate_1,72
MCF10A,Palbociclib/PD0332991,3.1623,2,pin1,G03,6230,23038.8,1740.62987,0.408026996,center1_scientistC_biolrep1_techreplicate_2,72
MCF10A,Palbociclib/PD0332991,3.1623,3,pin2,N14,6128,23938.4,1740.62987,0.394901425,center1_scientistC_biolrep1_techreplicate_3,72
MCF10A,Palbociclib/PD0332991,3.1623,4,pin2,N14,6559,23525.7,1740.62987,0.423530736,center1_scientistC_biolrep1_techreplicate_4,72
MCF10A,Trametinib/GSK1120212,0.0001,1,pin1,M11,23344,22675.7,1740.62987,1.015747589,center1_scientistC_biolrep1_techreplicate_1,72
MCF10A,Trametinib/GSK1120212,0.0001,2,pin1,M11,23521,23038.8,1740.62987,1.011148376,center1_scientistC_biolrep1_techreplicate_2,72
MCF10A,Trametinib/GSK1120212,0.0001,3,pin2,F22,22678,23938.4,1740.62987,0.971597761,center1_scientistC_biolrep1_techreplicate_3,72
MCF10A,Trametinib/GSK1120212,0.0001,4,pin2,F22,21731,23525.7,1740.62987,0.958195029,center1_scientistC_biolrep1_techreplicate_4,72
MCF10A,Trametinib/GSK1120212,0.00031623,1,pin1,M10,20076,22675.7,1740.62987,0.935309948,center1_scientistC_biolrep1_techreplicate_1,72
MCF10A,Trametinib/GSK1120212,0.00031623,2,pin1,M10,17815,23038.8,1740.62987,0.8666441220000001,center1_scientistC_biolrep1_techreplicate_2,72
MCF10A,Trametinib/GSK1120212,0.00031623,3,pin2,F21,19851,23938.4,1740.62987,0.903391172,center1_scientistC_biolrep1_techreplicate_3,72
MCF10A,Trametinib/GSK1120212,0.00031623,4,pin2,F21,18786,23525.7,1740.62987,0.883735578,center1_scientistC_biolrep1_techreplicate_4,72
MCF10A,Trametinib/GSK1120212,0.001,1,pin1,M09,12298,22675.7,1740.62987,0.69542783,center1_scientistC_biolrep1_techreplicate_1,72
MCF10A,Trametinib/GSK1120212,0.001,2,pin1,M09,11164,23038.8,1740.62987,0.646623278,center1_scientistC_biolrep1_techreplicate_2,72
MCF10A,Trametinib/GSK1120212,0.001,3,pin2,F20,13030,23938.4,1740.62987,0.702861246,center1_scientistC_biolrep1_techreplicate_3,72
MCF10A,Trametinib/GSK1120212,0.001,4,pin2,F20,12366,23525.7,1740.62987,0.685296975,center1_scientistC_biolrep1_techreplicate_4,72
MCF10A,Trametinib/GSK1120212,0.0031623000000000003,1,pin1,M08,6970,22675.7,1740.62987,0.45442914,center1_scientistC_biolrep1_techreplicate_1,72
MCF10A,Trametinib/GSK1120212,0.0031623000000000003,2,pin1,M08,6414,23038.8,1740.62987,0.419068152,center1_scientistC_biolrep1_techreplicate_2,72
MCF10A,Trametinib/GSK1120212,0.0031623000000000003,3,pin2,F19,6365,23938.4,1740.62987,0.408968608,center1_scientistC_biolrep1_techreplicate_3,72
MCF10A,Trametinib/GSK1120212,0.0031623000000000003,4,pin2,F19,6272,23525.7,1740.62987,0.4066761920000001,center1_scientistC_biolrep1_techreplicate_4,72
MCF10A,Trametinib/GSK1120212,0.01,1,pin1,M07,3778,22675.7,1740.62987,0.232752324,center1_scientistC_biolrep1_techreplicate_1,72
MCF10A,Trametinib/GSK1120212,0.01,2,pin1,M07,3189,23038.8,1740.62987,0.176423981,center1_scientistC_biolrep1_techreplicate_2,72
MCF10A,Trametinib/GSK1120212,0.01,3,pin2,F18,3662,23938.4,1740.62987,0.217350689,center1_scientistC_biolrep1_techreplicate_3,72
MCF10A,Trametinib/GSK1120212,0.01,4,pin2,F18,3044,23525.7,1740.62987,0.160425378,center1_scientistC_biolrep1_techreplicate_4,72
MCF10A,Trametinib/GSK1120212,0.031623000000000005,1,pin1,M06,3525,22675.7,1740.62987,0.209894613,center1_scientistC_biolrep1_techreplicate_1,72
MCF10A,Trametinib/GSK1120212,0.031623000000000005,2,pin1,M06,3041,23038.8,1740.62987,0.161516805,center1_scientistC_biolrep1_techreplicate_2,72
MCF10A,Trametinib/GSK1120212,0.031623000000000005,3,pin2,F17,3074,23938.4,1740.62987,0.162290814,center1_scientistC_biolrep1_techreplicate_3,72
MCF10A,Trametinib/GSK1120212,0.031623000000000005,4,pin2,F17,2621,23525.7,1740.62987,0.115116115,center1_scientistC_biolrep1_techreplicate_4,72
MCF10A,Trametinib/GSK1120212,0.1,1,pin1,M05,3076,22675.7,1740.62987,0.166191477,center1_scientistC_biolrep1_techreplicate_1,72
MCF10A,Trametinib/GSK1120212,0.1,2,pin1,M05,2827,23038.8,1740.62987,0.138993148,center1_scientistC_biolrep1_techreplicate_2,72
MCF10A,Trametinib/GSK1120212,0.1,3,pin2,F16,2703,23938.4,1740.62987,0.123424872,center1_scientistC_biolrep1_techreplicate_3,72
MCF10A,Trametinib/GSK1120212,0.1,4,pin2,F16,2737,23525.7,1740.62987,0.128045833,center1_scientistC_biolrep1_techreplicate_4,72
MCF10A,Trametinib/GSK1120212,0.31623,1,pin1,M04,2996,22675.7,1740.62987,0.157922901,center1_scientistC_biolrep1_techreplicate_1,72
MCF10A,Trametinib/GSK1120212,0.31623,2,pin1,M04,3269,23038.8,1740.62987,0.18427209,center1_scientistC_biolrep1_techreplicate_2,72
MCF10A,Trametinib/GSK1120212,0.31623,3,pin2,F15,3365,23938.4,1740.62987,0.19042527,center1_scientistC_biolrep1_techreplicate_3,72
MCF10A,Trametinib/GSK1120212,0.31623,4,pin2,F15,2885,23525.7,1740.62987,0.143971065,center1_scientistC_biolrep1_techreplicate_4,72
MCF10A,Trametinib/GSK1120212,1.0,1,pin1,M03,2988,22675.7,1740.62987,0.157087215,center1_scientistC_biolrep1_techreplicate_1,72
MCF10A,Trametinib/GSK1120212,1.0,2,pin1,M03,3406,23038.8,1740.62987,0.197391633,center1_scientistC_biolrep1_techreplicate_2,72
MCF10A,Trametinib/GSK1120212,1.0,3,pin2,F14,3044,23938.4,1740.62987,0.159280469,center1_scientistC_biolrep1_techreplicate_3,72
MCF10A,Trametinib/GSK1120212,1.0,4,pin2,F14,3086,23525.7,1740.62987,0.164666153,center1_scientistC_biolrep1_techreplicate_4,72
MCF10A,Vorinostat,0.001,1,pin1,N12,23425,22675.7,1740.62987,1.017633791,center1_scientistC_biolrep1_techreplicate_1,72
MCF10A,Vorinostat,0.001,2,pin1,N12,23479,23038.8,1740.62987,1.010184028,center1_scientistC_biolrep1_techreplicate_2,72
MCF10A,Vorinostat,0.001,3,pin2,G23,23749,23938.4,1740.62987,0.99580336,center1_scientistC_biolrep1_techreplicate_3,72
MCF10A,Vorinostat,0.001,4,pin2,G23,23560,23525.7,1740.62987,1.000775817,center1_scientistC_biolrep1_techreplicate_4,72
MCF10A,Vorinostat,0.0031623000000000003,1,pin1,M12,24105,22675.7,1740.62987,1.033283766,center1_scientistC_biolrep1_techreplicate_1,72
MCF10A,Vorinostat,0.0031623000000000003,2,pin1,M12,23801,23038.8,1740.62987,1.017545375,center1_scientistC_biolrep1_techreplicate_2,72
MCF10A,Vorinostat,0.0031623000000000003,3,pin2,F23,22738,23938.4,1740.62987,0.972975801,center1_scientistC_biolrep1_techreplicate_3,72
MCF10A,Vorinostat,0.0031623000000000003,4,pin2,F23,22246,23525.7,1740.62987,0.970442661,center1_scientistC_biolrep1_techreplicate_4,72
MCF10A,Vorinostat,0.01,1,pin1,L12,25278,22675.7,1740.62987,1.059538696,center1_scientistC_biolrep1_techreplicate_1,72
MCF10A,Vorinostat,0.01,2,pin1,L12,24707,23038.8,1740.62987,1.037874086,center1_scientistC_biolrep1_techreplicate_2,72
MCF10A,Vorinostat,0.01,3,pin2,E23,22996,23938.4,1740.62987,0.978871077,center1_scientistC_biolrep1_techreplicate_3,72
MCF10A,Vorinostat,0.01,4,pin2,E23,22715,23525.7,1740.62987,0.981416614,center1_scientistC_biolrep1_techreplicate_4,72
MCF10A,Vorinostat,0.031623000000000005,1,pin1,K12,23660,22675.7,1740.62987,1.023079298,center1_scientistC_biolrep1_techreplicate_1,72
MCF10A,Vorinostat,0.031623000000000005,2,pin1,K12,22846,23038.8,1740.62987,0.995494702,center1_scientistC_biolrep1_techreplicate_2,72
MCF10A,Vorinostat,0.031623000000000005,3,pin2,D23,24253,23938.4,1740.62987,1.006917107,center1_scientistC_biolrep1_techreplicate_3,72
MCF10A,Vorinostat,0.031623000000000005,4,pin2,D23,22194,23525.7,1740.62987,0.96921551,center1_scientistC_biolrep1_techreplicate_4,72
MCF10A,Vorinostat,0.1,1,pin1,J12,21845,22675.7,1740.62987,0.979946147,center1_scientistC_biolrep1_techreplicate_1,72
MCF10A,Vorinostat,0.1,2,pin1,J12,21160,23038.8,1740.62987,0.954860521,center1_scientistC_biolrep1_techreplicate_2,72
MCF10A,Vorinostat,0.1,3,pin2,C23,24084,23938.4,1740.62987,1.003209566,center1_scientistC_biolrep1_techreplicate_3,72
MCF10A,Vorinostat,0.1,4,pin2,C23,21426,23525.7,1740.62987,0.950840835,center1_scientistC_biolrep1_techreplicate_4,72
MCF10A,Vorinostat,0.31623,1,pin1,G12,21032,22675.7,1740.62987,0.959773107,center1_scientistC_biolrep1_techreplicate_1,72
MCF10A,Vorinostat,0.31623,2,pin1,G12,20429,23038.8,1740.62987,0.936503819,center1_scientistC_biolrep1_techreplicate_2,72
MCF10A,Vorinostat,0.31623,3,pin2,N23,20588,23938.4,1740.62987,0.921828048,center1_scientistC_biolrep1_techreplicate_3,72
MCF10A,Vorinostat,0.31623,4,pin2,N23,20550,23525.7,1740.62987,0.929282398,center1_scientistC_biolrep1_techreplicate_4,72
MCF10A,Vorinostat,1.0,1,pin1,F12,14657,22675.7,1740.62987,0.777695985,center1_scientistC_biolrep1_techreplicate_1,72
MCF10A,Vorinostat,1.0,2,pin1,F12,12743,23038.8,1740.62987,0.706128896,center1_scientistC_biolrep1_techreplicate_2,72
MCF10A,Vorinostat,1.0,3,pin2,M23,16144,23938.4,1740.62987,0.802143536,center1_scientistC_biolrep1_techreplicate_3,72
MCF10A,Vorinostat,1.0,4,pin2,M23,14892,23525.7,1740.62987,0.770782471,center1_scientistC_biolrep1_techreplicate_4,72
MCF10A,Vorinostat,3.1623,1,pin1,E12,5863,22675.7,1740.62987,0.388068138,center1_scientistC_biolrep1_techreplicate_1,72
MCF10A,Vorinostat,3.1623,2,pin1,E12,6728,23038.8,1740.62987,0.437386428,center1_scientistC_biolrep1_techreplicate_2,72
MCF10A,Vorinostat,3.1623,3,pin2,L23,5573,23938.4,1740.62987,0.360319526,center1_scientistC_biolrep1_techreplicate_3,72
MCF10A,Vorinostat,3.1623,4,pin2,L23,5795,23525.7,1740.62987,0.377366226,center1_scientistC_biolrep1_techreplicate_4,72
MCF10A,Vorinostat,10.0,1,pin1,D12,1884,22675.7,1740.62987,0.021601924,center1_scientistC_biolrep1_techreplicate_1,72
MCF10A,Vorinostat,10.0,2,pin1,D12,1863,23038.8,1740.62987,0.018399658,center1_scientistC_biolrep1_techreplicate_2,72
MCF10A,Vorinostat,10.0,3,pin2,K23,2054,23938.4,1740.62987,0.04474741,center1_scientistC_biolrep1_techreplicate_3,72
MCF10A,Vorinostat,10.0,4,pin2,K23,1926,23525.7,1740.62987,0.027305245,center1_scientistC_biolrep1_techreplicate_4,72
MCF10A,Etoposide,0.316227766,1,d2,E03,1503,3426.25,602.2272727000002,0.439981183,center1_scientistC_biolrep1_techreplicate_1,72
MCF10A,Etoposide,0.031666667,1,d2,E08,3311,3426.25,602.2272727000002,0.972902396,center1_scientistC_biolrep1_techreplicate_1,72
MCF10A,Etoposide,3.16227766,1,d2,E12,611,3426.25,602.2272727000002,0.005782448000000001,center1_scientistC_biolrep1_techreplicate_1,72
MCF10A,Etoposide,0.001083333,1,d2,E14,3286,3426.25,602.2272727000002,0.966949829,center1_scientistC_biolrep1_techreplicate_1,72
MCF10A,Etoposide,1.0,1,d2,E15,626,3426.25,602.2272727000002,0.015554987,center1_scientistC_biolrep1_techreplicate_1,72
MCF10A,Etoposide,0.1,1,d2,E21,2654,3426.25,602.2272727000002,0.8063781959999999,center1_scientistC_biolrep1_techreplicate_1,72
MCF10A,Etoposide,0.003333333,1,d2,F12,3243,3426.25,602.2272727000002,0.956647377,center1_scientistC_biolrep1_techreplicate_1,72
MCF10A,Etoposide,10.0,1,d2,F14,317,3426.25,602.2272727000002,-0.22574105100000005,center1_scientistC_biolrep1_techreplicate_1,72
MCF10A,Etoposide,0.01,1,d2,F15,3224,3426.25,602.2272727000002,0.952068963,center1_scientistC_biolrep1_techreplicate_1,72
MCF10A,Etoposide,0.031666667,2,d3,E05,3260,3402.0,602.2272727000002,0.966153367,center1_scientistC_biolrep1_techreplicate_2,72
MCF10A,Etoposide,0.316227766,2,d3,E06,1852,3402.0,602.2272727000002,0.567863401,center1_scientistC_biolrep1_techreplicate_2,72
MCF10A,Etoposide,0.01,2,d3,E17,3405,3402.0,602.2272727000002,1.000705845,center1_scientistC_biolrep1_techreplicate_2,72
MCF10A,Etoposide,1.0,2,d3,E21,597,3402.0,602.2272727000002,-0.003483821,center1_scientistC_biolrep1_techreplicate_2,72
MCF10A,Etoposide,0.001083333,2,d3,F08,3581,3402.0,602.2272727000002,1.04147996,center1_scientistC_biolrep1_techreplicate_2,72
MCF10A,Etoposide,10.0,2,d3,F14,340,3402.0,602.2272727000002,-0.204558927,center1_scientistC_biolrep1_techreplicate_2,72
MCF10A,Etoposide,0.1,2,d3,F16,2619,3402.0,602.2272727000002,0.8011676940000001,center1_scientistC_biolrep1_techreplicate_2,72
MCF10A,Etoposide,0.003333333,2,d3,F19,3512,3402.0,602.2272727000002,1.02564107,center1_scientistC_biolrep1_techreplicate_2,72
MCF10A,Etoposide,3.16227766,2,d3,F22,576,3402.0,602.2272727000002,-0.017667207,center1_scientistC_biolrep1_techreplicate_2,72
MCF10A,Etoposide,3.16227766,3,d4,E02,423,3579.5,602.2272727000002,-0.128363364,center1_scientistC_biolrep1_techreplicate_3,72
MCF10A,Etoposide,0.001083333,3,d4,E13,3569,3579.5,602.2272727000002,0.997716397,center1_scientistC_biolrep1_techreplicate_3,72
MCF10A,Etoposide,1.0,3,d4,E17,671,3579.5,602.2272727000002,0.042949782,center1_scientistC_biolrep1_techreplicate_3,72
MCF10A,Etoposide,0.316227766,3,d4,E19,1636,3579.5,602.2272727000002,0.474993093,center1_scientistC_biolrep1_techreplicate_3,72
MCF10A,Etoposide,0.003333333,3,d4,F02,3352,3579.5,602.2272727000002,0.949572122,center1_scientistC_biolrep1_techreplicate_3,72
MCF10A,Etoposide,0.1,3,d4,F07,3026,3579.5,602.2272727000002,0.87352139,center1_scientistC_biolrep1_techreplicate_3,72
MCF10A,Etoposide,0.01,3,d4,F13,3232,3579.5,602.2272727000002,0.922126829,center1_scientistC_biolrep1_techreplicate_3,72
MCF10A,Etoposide,10.0,3,d4,F16,414,3579.5,602.2272727000002,-0.13562306,center1_scientistC_biolrep1_techreplicate_3,72
MCF10A,Etoposide,0.031666667,3,d4,F17,3593,3579.5,602.2272727000002,1.002930055,center1_scientistC_biolrep1_techreplicate_3,72
MCF10A,Alpelisib/BYL719,0.001,1,pin1,I11,23687,24224.2,2597.324675,0.986125149,center1_scientistC_biolrep2_techreplicate_1,72
MCF10A,Alpelisib/BYL719,0.001,2,pin1,I11,23456,24135.6,2597.324675,0.982316802,center1_scientistC_biolrep2_techreplicate_2,72
MCF10A,Alpelisib/BYL719,0.001,3,pin2,B22,23871,23950.1,2597.324675,0.997936644,center1_scientistC_biolrep2_techreplicate_3,72
MCF10A,Alpelisib/BYL719,0.001,4,pin2,B22,24399,23634.9,2597.324675,1.02007466,center1_scientistC_biolrep2_techreplicate_4,72
MCF10A,Alpelisib/BYL719,0.0031623000000000003,1,pin1,I10,23643,24224.2,2597.324675,0.984979136,center1_scientistC_biolrep2_techreplicate_1,72
MCF10A,Alpelisib/BYL719,0.0031623000000000003,2,pin1,I10,23332,24135.6,2597.324675,0.979052362,center1_scientistC_biolrep2_techreplicate_2,72
MCF10A,Alpelisib/BYL719,0.0031623000000000003,3,pin2,B21,23751,23950.1,2597.324675,0.994797395,center1_scientistC_biolrep2_techreplicate_3,72
MCF10A,Alpelisib/BYL719,0.0031623000000000003,4,pin2,B21,24199,23634.9,2597.324675,1.014862361,center1_scientistC_biolrep2_techreplicate_4,72
MCF10A,Alpelisib/BYL719,0.01,1,pin1,I09,22792,24224.2,2597.324675,0.962519021,center1_scientistC_biolrep2_techreplicate_1,72
MCF10A,Alpelisib/BYL719,0.01,2,pin1,I09,22826,24135.6,2597.324675,0.965606028,center1_scientistC_biolrep2_techreplicate_2,72
MCF10A,Alpelisib/BYL719,0.01,3,pin2,B20,23897,23950.1,2597.324675,0.998615383,center1_scientistC_biolrep2_techreplicate_3,72
MCF10A,Alpelisib/BYL719,0.01,4,pin2,B20,23534,23634.9,2597.324675,0.997315996,center1_scientistC_biolrep2_techreplicate_4,72
MCF10A,Alpelisib/BYL719,0.031623000000000005,1,pin1,I08,22547,24224.2,2597.324675,0.955945836,center1_scientistC_biolrep2_techreplicate_1,72
MCF10A,Alpelisib/BYL719,0.031623000000000005,2,pin1,I08,22545,24135.6,2597.324675,0.958049902,center1_scientistC_biolrep2_techreplicate_2,72
MCF10A,Alpelisib/BYL719,0.031623000000000005,3,pin2,B19,22961,23950.1,2597.324675,0.973853382,center1_scientistC_biolrep2_techreplicate_3,72
MCF10A,Alpelisib/BYL719,0.031623000000000005,4,pin2,B19,22643,23634.9,2597.324675,0.973264985,center1_scientistC_biolrep2_techreplicate_4,72
MCF10A,Alpelisib/BYL719,0.1,1,pin1,I07,21519,24224.2,2597.324675,0.927815481,center1_scientistC_biolrep2_techreplicate_1,72
MCF10A,Alpelisib/BYL719,0.1,2,pin1,I07,21673,24135.6,2597.324675,0.934180472,center1_scientistC_biolrep2_techreplicate_2,72
MCF10A,Alpelisib/BYL719,0.1,3,pin2,B18,21831,23950.1,2597.324675,0.943015736,center1_scientistC_biolrep2_techreplicate_3,72
MCF10A,Alpelisib/BYL719,0.1,4,pin2,B18,22359,23634.9,2597.324675,0.965462618,center1_scientistC_biolrep2_techreplicate_4,72
MCF10A,Alpelisib/BYL719,0.31623,1,pin1,I06,20620,24224.2,2597.324675,0.902445196,center1_scientistC_biolrep2_techreplicate_1,72
MCF10A,Alpelisib/BYL719,0.31623,2,pin1,I06,20401,24135.6,2597.324675,0.898144975,center1_scientistC_biolrep2_techreplicate_2,72
MCF10A,Alpelisib/BYL719,0.31623,3,pin2,B17,20718,23950.1,2597.324675,0.911549009,center1_scientistC_biolrep2_techreplicate_3,72
MCF10A,Alpelisib/BYL719,0.31623,4,pin2,B17,20928,23634.9,2597.324675,0.925078229,center1_scientistC_biolrep2_techreplicate_4,72
MCF10A,Alpelisib/BYL719,1.0,1,pin1,I05,18940,24224.2,2597.324675,0.852911327,center1_scientistC_biolrep2_techreplicate_1,72
MCF10A,Alpelisib/BYL719,1.0,2,pin1,I05,19039,24135.6,2597.324675,0.8577998840000001,center1_scientistC_biolrep2_techreplicate_2,72
MCF10A,Alpelisib/BYL719,1.0,3,pin2,B16,19206,23950.1,2597.324675,0.8668808929999999,center1_scientistC_biolrep2_techreplicate_3,72
MCF10A,Alpelisib/BYL719,1.0,4,pin2,B16,19877,23634.9,2597.324675,0.894194107,center1_scientistC_biolrep2_techreplicate_4,72
MCF10A,Alpelisib/BYL719,3.1623,1,pin1,I04,17304,24224.2,2597.324675,0.8016707940000001,center1_scientistC_biolrep2_techreplicate_1,72
MCF10A,Alpelisib/BYL719,3.1623,2,pin1,I04,17273,24135.6,2597.324675,0.802409884,center1_scientistC_biolrep2_techreplicate_2,72
MCF10A,Alpelisib/BYL719,3.1623,3,pin2,B15,17125,23950.1,2597.324675,0.801258681,center1_scientistC_biolrep2_techreplicate_3,72
MCF10A,Alpelisib/BYL719,3.1623,4,pin2,B15,17445,23634.9,2597.324675,0.818164563,center1_scientistC_biolrep2_techreplicate_4,72
MCF10A,Alpelisib/BYL719,10.0,1,pin1,I03,14627,24224.2,2597.324675,0.710081682,center1_scientistC_biolrep2_techreplicate_1,72
MCF10A,Alpelisib/BYL719,10.0,2,pin1,I03,13207,24135.6,2597.324675,0.658094914,center1_scientistC_biolrep2_techreplicate_2,72
MCF10A,Alpelisib/BYL719,10.0,3,pin2,B14,14129,23950.1,2597.324675,0.6963541540000001,center1_scientistC_biolrep2_techreplicate_3,72
MCF10A,Alpelisib/BYL719,10.0,4,pin2,B14,14119,23634.9,2597.324675,0.7013629229999999,center1_scientistC_biolrep2_techreplicate_4,72
MCF10A,Dasatinib,0.001,1,pin1,F22,23865,24224.2,2597.324675,0.990746369,center1_scientistC_biolrep2_techreplicate_1,72
MCF10A,Dasatinib,0.001,2,pin1,F22,23674,24135.6,2597.324675,0.988027186,center1_scientistC_biolrep2_techreplicate_2,72
MCF10A,Dasatinib,0.001,3,pin2,M11,21757,23950.1,2597.324675,0.940958318,center1_scientistC_biolrep2_techreplicate_3,72
MCF10A,Dasatinib,0.001,4,pin2,M11,23234,23634.9,2597.324675,0.989288876,center1_scientistC_biolrep2_techreplicate_4,72
MCF10A,Dasatinib,0.0031623000000000003,1,pin1,F21,22643,24224.2,2597.324675,0.958527292,center1_scientistC_biolrep2_techreplicate_1,72
MCF10A,Dasatinib,0.0031623000000000003,2,pin1,F21,22990,24135.6,2597.324675,0.969986428,center1_scientistC_biolrep2_techreplicate_2,72
MCF10A,Dasatinib,0.0031623000000000003,3,pin2,M10,22742,23950.1,2597.324675,0.967959799,center1_scientistC_biolrep2_techreplicate_3,72
MCF10A,Dasatinib,0.0031623000000000003,4,pin2,M10,23165,23634.9,2597.324675,0.987432592,center1_scientistC_biolrep2_techreplicate_4,72
MCF10A,Dasatinib,0.01,1,pin1,F20,22718,24224.2,2597.324675,0.960538808,center1_scientistC_biolrep2_techreplicate_1,72
MCF10A,Dasatinib,0.01,2,pin1,F20,22852,24135.6,2597.324675,0.966301925,center1_scientistC_biolrep2_techreplicate_2,72
MCF10A,Dasatinib,0.01,3,pin2,M09,22080,23950.1,2597.324675,0.949903633,center1_scientistC_biolrep2_techreplicate_3,72
MCF10A,Dasatinib,0.01,4,pin2,M09,22406,23634.9,2597.324675,0.966758531,center1_scientistC_biolrep2_techreplicate_4,72
MCF10A,Dasatinib,0.031623000000000005,1,pin1,F19,21422,24224.2,2597.324675,0.92511368,center1_scientistC_biolrep2_techreplicate_1,72
MCF10A,Dasatinib,0.031623000000000005,2,pin1,F19,21978,24135.6,2597.324675,0.942603318,center1_scientistC_biolrep2_techreplicate_2,72
MCF10A,Dasatinib,0.031623000000000005,3,pin2,M08,21527,23950.1,2597.324675,0.934532745,center1_scientistC_biolrep2_techreplicate_3,72
MCF10A,Dasatinib,0.031623000000000005,4,pin2,M08,21834,23634.9,2597.324675,0.950858302,center1_scientistC_biolrep2_techreplicate_4,72
MCF10A,Dasatinib,0.1,1,pin1,F18,18484,24224.2,2597.324675,0.838946326,center1_scientistC_biolrep2_techreplicate_1,72
MCF10A,Dasatinib,0.1,2,pin1,F18,17492,24135.6,2597.324675,0.8094847359999999,center1_scientistC_biolrep2_techreplicate_2,72
MCF10A,Dasatinib,0.1,3,pin2,M07,18105,23950.1,2597.324675,0.8328078879999999,center1_scientistC_biolrep2_techreplicate_3,72
MCF10A,Dasatinib,0.1,4,pin2,M07,18542,23634.9,2597.324675,0.8533044909999999,center1_scientistC_biolrep2_techreplicate_4,72
MCF10A,Dasatinib,0.31623,1,pin1,F17,14505,24224.2,2597.324675,0.705641135,center1_scientistC_biolrep2_techreplicate_1,72
MCF10A,Dasatinib,0.31623,2,pin1,F17,12892,24135.6,2597.324675,0.645695719,center1_scientistC_biolrep2_techreplicate_2,72
MCF10A,Dasatinib,0.31623,3,pin2,M06,12986,23950.1,2597.324675,0.652286641,center1_scientistC_biolrep2_techreplicate_3,72
MCF10A,Dasatinib,0.31623,4,pin2,M06,12880,23634.9,2597.324675,0.653013731,center1_scientistC_biolrep2_techreplicate_4,72
MCF10A,Dasatinib,1.0,1,pin1,F16,12007,24224.2,2597.324675,0.608446672,center1_scientistC_biolrep2_techreplicate_1,72
MCF10A,Dasatinib,1.0,2,pin1,F16,12214,24135.6,2597.324675,0.618281871,center1_scientistC_biolrep2_techreplicate_2,72
MCF10A,Dasatinib,1.0,3,pin2,M05,11938,23950.1,2597.324675,0.609470517,center1_scientistC_biolrep2_techreplicate_3,72
MCF10A,Dasatinib,1.0,4,pin2,M05,10595,23634.9,2597.324675,0.554725912,center1_scientistC_biolrep2_techreplicate_4,72
MCF10A,Dasatinib,3.1623,1,pin1,F15,5104,24224.2,2597.324675,0.233317717,center1_scientistC_biolrep2_techreplicate_1,72
MCF10A,Dasatinib,3.1623,2,pin1,F15,4957,24135.6,2597.324675,0.222582889,center1_scientistC_biolrep2_techreplicate_2,72
MCF10A,Dasatinib,3.1623,3,pin2,M04,5520,23950.1,2597.324675,0.26519950600000003,center1_scientistC_biolrep2_techreplicate_3,72
MCF10A,Dasatinib,3.1623,4,pin2,M04,5215,23634.9,2597.324675,0.244582187,center1_scientistC_biolrep2_techreplicate_4,72
MCF10A,Dasatinib,10.0,1,pin1,F14,2941,24224.2,2597.324675,0.039330001,center1_scientistC_biolrep2_techreplicate_1,72
MCF10A,Dasatinib,10.0,2,pin1,F14,2667,24135.6,2597.324675,0.008265241999999999,center1_scientistC_biolrep2_techreplicate_2,72
MCF10A,Dasatinib,10.0,3,pin2,M03,2751,23950.1,2597.324675,0.018097451,center1_scientistC_biolrep2_techreplicate_3,72
MCF10A,Dasatinib,10.0,4,pin2,M03,2653,23634.9,2597.324675,0.006679561999999999,center1_scientistC_biolrep2_techreplicate_4,72
MCF10A,Neratinib/HKI272,0.00031623,1,pin1,K22,23769,24224.2,2597.324675,0.98825699,center1_scientistC_biolrep2_techreplicate_1,72
MCF10A,Neratinib/HKI272,0.00031623,2,pin1,K22,23518,24135.6,2597.324675,0.983944565,center1_scientistC_biolrep2_techreplicate_2,72
MCF10A,Neratinib/HKI272,0.00031623,3,pin2,D11,24465,23950.1,2597.324675,1.013318074,center1_scientistC_biolrep2_techreplicate_3,72
MCF10A,Neratinib/HKI272,0.00031623,4,pin2,D11,23818,23634.9,2597.324675,1.004850567,center1_scientistC_biolrep2_techreplicate_4,72
MCF10A,Neratinib/HKI272,0.001,1,pin1,K21,24351,24224.2,2597.324675,1.003243991,center1_scientistC_biolrep2_techreplicate_1,72
MCF10A,Neratinib/HKI272,0.001,2,pin1,K21,24078,24135.6,2597.324675,0.998514656,center1_scientistC_biolrep2_techreplicate_2,72
MCF10A,Neratinib/HKI272,0.001,3,pin2,D10,23738,23950.1,2597.324675,0.994456655,center1_scientistC_biolrep2_techreplicate_3,72
MCF10A,Neratinib/HKI272,0.001,4,pin2,D10,23615,23634.9,2597.324675,0.999471271,center1_scientistC_biolrep2_techreplicate_4,72
MCF10A,Neratinib/HKI272,0.0031623000000000003,1,pin1,K20,24409,24224.2,2597.324675,1.004723953,center1_scientistC_biolrep2_techreplicate_1,72
MCF10A,Neratinib/HKI272,0.0031623000000000003,2,pin1,K20,23925,24135.6,2597.324675,0.994557285,center1_scientistC_biolrep2_techreplicate_2,72
MCF10A,Neratinib/HKI272,0.0031623000000000003,3,pin2,D09,23679,23950.1,2597.324675,0.992908604,center1_scientistC_biolrep2_techreplicate_3,72
MCF10A,Neratinib/HKI272,0.0031623000000000003,4,pin2,D09,23577,23634.9,2597.324675,0.998460787,center1_scientistC_biolrep2_techreplicate_4,72
MCF10A,Neratinib/HKI272,0.01,1,pin1,K19,23220,24224.2,2597.324675,0.973886018,center1_scientistC_biolrep2_techreplicate_1,72
MCF10A,Neratinib/HKI272,0.01,2,pin1,K19,23023,24135.6,2597.324675,0.970865245,center1_scientistC_biolrep2_techreplicate_2,72
MCF10A,Neratinib/HKI272,0.01,3,pin2,D08,23861,23950.1,2597.324675,0.997675455,center1_scientistC_biolrep2_techreplicate_3,72
MCF10A,Neratinib/HKI272,0.01,4,pin2,D08,23996,23634.9,2597.324675,1.009541565,center1_scientistC_biolrep2_techreplicate_4,72
MCF10A,Neratinib/HKI272,0.031623000000000005,1,pin1,K18,16085,24224.2,2597.324675,0.761274098,center1_scientistC_biolrep2_techreplicate_1,72
MCF10A,Neratinib/HKI272,0.031623000000000005,2,pin1,K18,15827,24135.6,2597.324675,0.754072188,center1_scientistC_biolrep2_techreplicate_2,72
MCF10A,Neratinib/HKI272,0.031623000000000005,3,pin2,D07,19107,23950.1,2597.324675,0.863872964,center1_scientistC_biolrep2_techreplicate_3,72
MCF10A,Neratinib/HKI272,0.031623000000000005,4,pin2,D07,18314,23634.9,2597.324675,0.84612085,center1_scientistC_biolrep2_techreplicate_4,72
MCF10A,Neratinib/HKI272,0.1,1,pin1,K17,11361,24224.2,2597.324675,0.581068925,center1_scientistC_biolrep2_techreplicate_1,72
MCF10A,Neratinib/HKI272,0.1,2,pin1,K17,11563,24135.6,2597.324675,0.590954431,center1_scientistC_biolrep2_techreplicate_2,72
MCF10A,Neratinib/HKI272,0.1,3,pin2,D06,12563,23950.1,2597.324675,0.63530183,center1_scientistC_biolrep2_techreplicate_3,72
MCF10A,Neratinib/HKI272,0.1,4,pin2,D06,12996,23634.9,2597.324675,0.657672382,center1_scientistC_biolrep2_techreplicate_4,72
MCF10A,Neratinib/HKI272,0.31623,1,pin1,K16,7258,24224.2,2597.324675,0.375756226,center1_scientistC_biolrep2_techreplicate_1,72
MCF10A,Neratinib/HKI272,0.31623,2,pin1,K16,7328,24135.6,2597.324675,0.380592022,center1_scientistC_biolrep2_techreplicate_2,72
MCF10A,Neratinib/HKI272,0.31623,3,pin2,D05,8563,23950.1,2597.324675,0.450964985,center1_scientistC_biolrep2_techreplicate_3,72
MCF10A,Neratinib/HKI272,0.31623,4,pin2,D05,8124,23634.9,2597.324675,0.430383438,center1_scientistC_biolrep2_techreplicate_4,72
MCF10A,Neratinib/HKI272,1.0,1,pin1,K15,4606,24224.2,2597.324675,0.194631509,center1_scientistC_biolrep2_techreplicate_1,72
MCF10A,Neratinib/HKI272,1.0,2,pin1,K15,4715,24135.6,2597.324675,0.203703053,center1_scientistC_biolrep2_techreplicate_2,72
MCF10A,Neratinib/HKI272,1.0,3,pin2,D04,5507,23950.1,2597.324675,0.264269049,center1_scientistC_biolrep2_techreplicate_3,72
MCF10A,Neratinib/HKI272,1.0,4,pin2,D04,5033,23634.9,2597.324675,0.230781802,center1_scientistC_biolrep2_techreplicate_4,72
MCF10A,Neratinib/HKI272,3.1623,1,pin1,K14,3617,24224.2,2597.324675,0.108272537,center1_scientistC_biolrep2_techreplicate_1,72
MCF10A,Neratinib/HKI272,3.1623,2,pin1,K14,3752,24135.6,2597.324675,0.121161929,center1_scientistC_biolrep2_techreplicate_2,72
MCF10A,Neratinib/HKI272,3.1623,3,pin2,D03,3490,23950.1,2597.324675,0.096558432,center1_scientistC_biolrep2_techreplicate_3,72
MCF10A,Neratinib/HKI272,3.1623,4,pin2,D03,4145,23634.9,2597.324675,0.158028674,center1_scientistC_biolrep2_techreplicate_4,72
MCF10A,Paclitaxel,0.0001,1,pin1,B11,24575,24224.2,2597.324675,1.00894635,center1_scientistC_biolrep2_techreplicate_1,72
MCF10A,Paclitaxel,0.0001,2,pin1,B11,24058,24135.6,2597.324675,0.997998339,center1_scientistC_biolrep2_techreplicate_2,72
MCF10A,Paclitaxel,0.0001,3,pin2,I22,23928,23950.1,2597.324675,0.999423985,center1_scientistC_biolrep2_techreplicate_3,72
MCF10A,Paclitaxel,0.0001,4,pin2,I22,24127,23634.9,2597.324675,1.0129787,center1_scientistC_biolrep2_techreplicate_4,72
MCF10A,Paclitaxel,0.00031623,1,pin1,B10,24846,24224.2,2597.324675,1.015797475,center1_scientistC_biolrep2_techreplicate_1,72
MCF10A,Paclitaxel,0.00031623,2,pin1,B10,24516,24135.6,2597.324675,1.009748634,center1_scientistC_biolrep2_techreplicate_2,72
MCF10A,Paclitaxel,0.00031623,3,pin2,I21,23791,23950.1,2597.324675,0.995845021,center1_scientistC_biolrep2_techreplicate_3,72
MCF10A,Paclitaxel,0.00031623,4,pin2,I21,24674,23634.9,2597.324675,1.0271939209999998,center1_scientistC_biolrep2_techreplicate_4,72
MCF10A,Paclitaxel,0.001,1,pin1,B09,22533,24224.2,2597.324675,0.95556874,center1_scientistC_biolrep2_techreplicate_1,72
MCF10A,Paclitaxel,0.001,2,pin1,B09,22796,24135.6,2597.324675,0.964802391,center1_scientistC_biolrep2_techreplicate_2,72
MCF10A,Paclitaxel,0.001,3,pin2,I20,22679,23950.1,2597.324675,0.966257157,center1_scientistC_biolrep2_techreplicate_3,72
MCF10A,Paclitaxel,0.001,4,pin2,I20,22500,23634.9,2597.324675,0.969344774,center1_scientistC_biolrep2_techreplicate_4,72
MCF10A,Paclitaxel,0.0031623000000000003,1,pin1,B08,8846,24224.2,2597.324675,0.462906681,center1_scientistC_biolrep2_techreplicate_1,72
MCF10A,Paclitaxel,0.0031623000000000003,2,pin1,B08,8789,24135.6,2597.324675,0.46088235,center1_scientistC_biolrep2_techreplicate_2,72
MCF10A,Paclitaxel,0.0031623000000000003,3,pin2,I19,9176,23950.1,2597.324675,0.482607079,center1_scientistC_biolrep2_techreplicate_3,72
MCF10A,Paclitaxel,0.0031623000000000003,4,pin2,I19,8962,23634.9,2597.324675,0.475146722,center1_scientistC_biolrep2_techreplicate_4,72
MCF10A,Paclitaxel,0.01,1,pin1,B07,3454,24224.2,2597.324675,0.092521193,center1_scientistC_biolrep2_techreplicate_1,72
MCF10A,Paclitaxel,0.01,2,pin1,B07,3458,24135.6,2597.324675,0.09307342,center1_scientistC_biolrep2_techreplicate_2,72
MCF10A,Paclitaxel,0.01,3,pin2,I18,3735,23950.1,2597.324675,0.120019215,center1_scientistC_biolrep2_techreplicate_3,72
MCF10A,Paclitaxel,0.01,4,pin2,I18,3395,23634.9,2597.324675,0.087701578,center1_scientistC_biolrep2_techreplicate_4,72
MCF10A,Paclitaxel,0.031623000000000005,1,pin1,B06,2343,24224.2,2597.324675,-0.031483364,center1_scientistC_biolrep2_techreplicate_1,72
MCF10A,Paclitaxel,0.031623000000000005,2,pin1,B06,2419,24135.6,2597.324675,-0.021873609,center1_scientistC_biolrep2_techreplicate_2,72
MCF10A,Paclitaxel,0.031623000000000005,3,pin2,I17,2200,23950.1,2597.324675,-0.050483925,center1_scientistC_biolrep2_techreplicate_3,72
MCF10A,Paclitaxel,0.031623000000000005,4,pin2,I17,2160,23634.9,2597.324675,-0.056230419,center1_scientistC_biolrep2_techreplicate_4,72
MCF10A,Paclitaxel,0.1,1,pin1,B05,1831,24224.2,2597.324675,-0.102849825,center1_scientistC_biolrep2_techreplicate_1,72
MCF10A,Paclitaxel,0.1,2,pin1,B05,2044,24135.6,2597.324675,-0.071785736,center1_scientistC_biolrep2_techreplicate_2,72
MCF10A,Paclitaxel,0.1,3,pin2,I16,1994,23950.1,2597.324675,-0.07916910099999999,center1_scientistC_biolrep2_techreplicate_3,72
MCF10A,Paclitaxel,0.1,4,pin2,I16,1942,23634.9,2597.324675,-0.087226977,center1_scientistC_biolrep2_techreplicate_4,72
MCF10A,Paclitaxel,0.31623,1,pin1,B04,2216,24224.2,2597.324675,-0.048094312,center1_scientistC_biolrep2_techreplicate_1,72
MCF10A,Paclitaxel,0.31623,2,pin1,B04,1947,24135.6,2597.324675,-0.085712507,center1_scientistC_biolrep2_techreplicate_2,72
MCF10A,Paclitaxel,0.31623,3,pin2,I15,2184,23950.1,2597.324675,-0.052644007,center1_scientistC_biolrep2_techreplicate_3,72
MCF10A,Paclitaxel,0.31623,4,pin2,I15,2031,23634.9,2597.324675,-0.074297723,center1_scientistC_biolrep2_techreplicate_4,72
MCF10A,Paclitaxel,1.0,1,pin1,B03,2141,24224.2,2597.324675,-0.058214385,center1_scientistC_biolrep2_techreplicate_1,72
MCF10A,Paclitaxel,1.0,2,pin1,B03,2208,24135.6,2597.324675,-0.049241212,center1_scientistC_biolrep2_techreplicate_2,72
MCF10A,Paclitaxel,1.0,3,pin2,I14,2041,23950.1,2597.324675,-0.072451035,center1_scientistC_biolrep2_techreplicate_3,72
MCF10A,Paclitaxel,1.0,4,pin2,I14,1905,23634.9,2597.324675,-0.092721802,center1_scientistC_biolrep2_techreplicate_4,72
MCF10A,Palbociclib/PD0332991,0.00031623,1,pin1,G11,23922,24224.2,2597.324675,0.992221172,center1_scientistC_biolrep2_techreplicate_1,72
MCF10A,Palbociclib/PD0332991,0.00031623,2,pin1,G11,24033,24135.6,2597.324675,0.997352526,center1_scientistC_biolrep2_techreplicate_2,72
MCF10A,Palbociclib/PD0332991,0.00031623,3,pin2,N22,23748,23950.1,2597.324675,0.994718774,center1_scientistC_biolrep2_techreplicate_3,72
MCF10A,Palbociclib/PD0332991,0.00031623,4,pin2,N22,23748,23634.9,2597.324675,1.002999203,center1_scientistC_biolrep2_techreplicate_4,72
MCF10A,Palbociclib/PD0332991,0.001,1,pin1,G10,24911,24224.2,2597.324675,1.017433065,center1_scientistC_biolrep2_techreplicate_1,72
MCF10A,Palbociclib/PD0332991,0.001,2,pin1,G10,23861,24135.6,2597.324675,0.992896741,center1_scientistC_biolrep2_techreplicate_2,72
MCF10A,Palbociclib/PD0332991,0.001,3,pin2,N21,23464,23950.1,2597.324675,0.987244845,center1_scientistC_biolrep2_techreplicate_3,72
MCF10A,Palbociclib/PD0332991,0.001,4,pin2,N21,23139,23634.9,2597.324675,0.986732138,center1_scientistC_biolrep2_techreplicate_4,72
MCF10A,Palbociclib/PD0332991,0.0031623000000000003,1,pin1,G09,23558,24224.2,2597.324675,0.982761076,center1_scientistC_biolrep2_techreplicate_1,72
MCF10A,Palbociclib/PD0332991,0.0031623000000000003,2,pin1,G09,22931,24135.6,2597.324675,0.968413039,center1_scientistC_biolrep2_techreplicate_2,72
MCF10A,Palbociclib/PD0332991,0.0031623000000000003,3,pin2,N20,23155,23950.1,2597.324675,0.979041965,center1_scientistC_biolrep2_techreplicate_3,72
MCF10A,Palbociclib/PD0332991,0.0031623000000000003,4,pin2,N20,22451,23634.9,2597.324675,0.967997553,center1_scientistC_biolrep2_techreplicate_4,72
MCF10A,Palbociclib/PD0332991,0.01,1,pin1,G08,22104,24224.2,2597.324675,0.943934297,center1_scientistC_biolrep2_techreplicate_1,72
MCF10A,Palbociclib/PD0332991,0.01,2,pin1,G08,22296,24135.6,2597.324675,0.951299839,center1_scientistC_biolrep2_techreplicate_2,72
MCF10A,Palbociclib/PD0332991,0.01,3,pin2,N19,21537,23950.1,2597.324675,0.934813098,center1_scientistC_biolrep2_techreplicate_3,72
MCF10A,Palbociclib/PD0332991,0.01,4,pin2,N19,21101,23634.9,2597.324675,0.930059244,center1_scientistC_biolrep2_techreplicate_4,72
MCF10A,Palbociclib/PD0332991,0.031623000000000005,1,pin1,G07,19360,24224.2,2597.324675,0.8655701659999999,center1_scientistC_biolrep2_techreplicate_1,72
MCF10A,Palbociclib/PD0332991,0.031623000000000005,2,pin1,G07,19053,24135.6,2597.324675,0.858224551,center1_scientistC_biolrep2_techreplicate_2,72
MCF10A,Palbociclib/PD0332991,0.031623000000000005,3,pin2,N18,18487,23950.1,2597.324675,0.844787324,center1_scientistC_biolrep2_techreplicate_3,72
MCF10A,Palbociclib/PD0332991,0.031623000000000005,4,pin2,N18,18845,23634.9,2597.324675,0.862757983,center1_scientistC_biolrep2_techreplicate_4,72
MCF10A,Palbociclib/PD0332991,0.1,1,pin1,G06,16486,24224.2,2597.324675,0.7747890690000001,center1_scientistC_biolrep2_techreplicate_1,72
MCF10A,Palbociclib/PD0332991,0.1,2,pin1,G06,16455,24135.6,2597.324675,0.775424096,center1_scientistC_biolrep2_techreplicate_2,72
MCF10A,Palbociclib/PD0332991,0.1,3,pin2,N17,15567,23950.1,2597.324675,0.7484390479999999,center1_scientistC_biolrep2_techreplicate_3,72
MCF10A,Palbociclib/PD0332991,0.1,4,pin2,N17,15985,23634.9,2597.324675,0.768961635,center1_scientistC_biolrep2_techreplicate_4,72
MCF10A,Palbociclib/PD0332991,0.31623,1,pin1,G05,14321,24224.2,2597.324675,0.698894943,center1_scientistC_biolrep2_techreplicate_1,72
MCF10A,Palbociclib/PD0332991,0.31623,2,pin1,G05,14681,24135.6,2597.324675,0.7135527979999999,center1_scientistC_biolrep2_techreplicate_2,72
MCF10A,Palbociclib/PD0332991,0.31623,3,pin2,N16,13141,23950.1,2597.324675,0.658415051,center1_scientistC_biolrep2_techreplicate_3,72
MCF10A,Palbociclib/PD0332991,0.31623,4,pin2,N16,12640,23634.9,2597.324675,0.643282963,center1_scientistC_biolrep2_techreplicate_4,72
MCF10A,Palbociclib/PD0332991,1.0,1,pin1,G04,11653,24224.2,2597.324675,0.593573491,center1_scientistC_biolrep2_techreplicate_1,72
MCF10A,Palbociclib/PD0332991,1.0,2,pin1,G04,11753,24135.6,2597.324675,0.59903744,center1_scientistC_biolrep2_techreplicate_2,72
MCF10A,Palbociclib/PD0332991,1.0,3,pin2,N15,11384,23950.1,2597.324675,0.585783839,center1_scientistC_biolrep2_techreplicate_3,72
MCF10A,Palbociclib/PD0332991,1.0,4,pin2,N15,11377,23634.9,2597.324675,0.589869494,center1_scientistC_biolrep2_techreplicate_4,72
MCF10A,Palbociclib/PD0332991,3.1623,1,pin1,G03,10101,24224.2,2597.324675,0.524413317,center1_scientistC_biolrep2_techreplicate_1,72
MCF10A,Palbociclib/PD0332991,3.1623,2,pin1,G03,10311,24135.6,2597.324675,0.535261593,center1_scientistC_biolrep2_techreplicate_2,72
MCF10A,Palbociclib/PD0332991,3.1623,3,pin2,N14,8824,23950.1,2597.324675,0.46462189,center1_scientistC_biolrep2_techreplicate_3,72
MCF10A,Palbociclib/PD0332991,3.1623,4,pin2,N14,8931,23634.9,2597.324675,0.473543156,center1_scientistC_biolrep2_techreplicate_4,72
MCF10A,Trametinib/GSK1120212,0.0001,1,pin1,M11,23354,24224.2,2597.324675,0.977415122,center1_scientistC_biolrep2_techreplicate_1,72
MCF10A,Trametinib/GSK1120212,0.0001,2,pin1,M11,23264,24135.6,2597.324675,0.977257108,center1_scientistC_biolrep2_techreplicate_2,72
MCF10A,Trametinib/GSK1120212,0.0001,3,pin2,F22,23490,23950.1,2597.324675,0.987931658,center1_scientistC_biolrep2_techreplicate_3,72
MCF10A,Trametinib/GSK1120212,0.0001,4,pin2,F22,23650,23634.9,2597.324675,1.000400993,center1_scientistC_biolrep2_techreplicate_4,72
MCF10A,Trametinib/GSK1120212,0.00031623,1,pin1,M10,22664,24224.2,2597.324675,0.959090979,center1_scientistC_biolrep2_techreplicate_1,72
MCF10A,Trametinib/GSK1120212,0.00031623,2,pin1,M10,21849,24135.6,2597.324675,0.93905076,center1_scientistC_biolrep2_techreplicate_2,72
MCF10A,Trametinib/GSK1120212,0.00031623,3,pin2,F21,22298,23950.1,2597.324675,0.95589026,center1_scientistC_biolrep2_techreplicate_3,72
MCF10A,Trametinib/GSK1120212,0.00031623,4,pin2,F21,22693,23634.9,2597.324675,0.974631679,center1_scientistC_biolrep2_techreplicate_4,72
MCF10A,Trametinib/GSK1120212,0.001,1,pin1,M09,18327,24224.2,2597.324675,0.834083252,center1_scientistC_biolrep2_techreplicate_1,72
MCF10A,Trametinib/GSK1120212,0.001,2,pin1,M09,17619,24135.6,2597.324675,0.813559582,center1_scientistC_biolrep2_techreplicate_2,72
MCF10A,Trametinib/GSK1120212,0.001,3,pin2,F20,18908,23950.1,2597.324675,0.857794132,center1_scientistC_biolrep2_techreplicate_3,72
MCF10A,Trametinib/GSK1120212,0.001,4,pin2,F20,18020,23634.9,2597.324675,0.836766582,center1_scientistC_biolrep2_techreplicate_4,72
MCF10A,Trametinib/GSK1120212,0.0031623000000000003,1,pin1,M08,12814,24224.2,2597.324675,0.641256067,center1_scientistC_biolrep2_techreplicate_1,72
MCF10A,Trametinib/GSK1120212,0.0031623000000000003,2,pin1,M08,13275,24135.6,2597.324675,0.66074476,center1_scientistC_biolrep2_techreplicate_2,72
MCF10A,Trametinib/GSK1120212,0.0031623000000000003,3,pin2,F19,12938,23950.1,2597.324675,0.650378611,center1_scientistC_biolrep2_techreplicate_3,72
MCF10A,Trametinib/GSK1120212,0.0031623000000000003,4,pin2,F19,13189,23634.9,2597.324675,0.66536059,center1_scientistC_biolrep2_techreplicate_4,72
MCF10A,Trametinib/GSK1120212,0.01,1,pin1,M07,7712,24224.2,2597.324675,0.401913775,center1_scientistC_biolrep2_techreplicate_1,72
MCF10A,Trametinib/GSK1120212,0.01,2,pin1,M07,7135,24135.6,2597.324675,0.369181791,center1_scientistC_biolrep2_techreplicate_2,72
MCF10A,Trametinib/GSK1120212,0.01,3,pin2,F18,7620,23950.1,2597.324675,0.399093142,center1_scientistC_biolrep2_techreplicate_3,72
MCF10A,Trametinib/GSK1120212,0.01,4,pin2,F18,8198,23634.9,2597.324675,0.434460438,center1_scientistC_biolrep2_techreplicate_4,72
MCF10A,Trametinib/GSK1120212,0.031623000000000005,1,pin1,M06,5799,24224.2,2597.324675,0.283175032,center1_scientistC_biolrep2_techreplicate_1,72
MCF10A,Trametinib/GSK1120212,0.031623000000000005,2,pin1,M06,5987,24135.6,2597.324675,0.296499373,center1_scientistC_biolrep2_techreplicate_2,72
MCF10A,Trametinib/GSK1120212,0.031623000000000005,3,pin2,F17,5960,23950.1,2597.324675,0.295840312,center1_scientistC_biolrep2_techreplicate_3,72
MCF10A,Trametinib/GSK1120212,0.031623000000000005,4,pin2,F17,5751,23634.9,2597.324675,0.283395487,center1_scientistC_biolrep2_techreplicate_4,72
MCF10A,Trametinib/GSK1120212,0.1,1,pin1,M05,5480,24224.2,2597.324675,0.26083389,center1_scientistC_biolrep2_techreplicate_1,72
MCF10A,Trametinib/GSK1120212,0.1,2,pin1,M05,6061,24135.6,2597.324675,0.30146106100000003,center1_scientistC_biolrep2_techreplicate_2,72
MCF10A,Trametinib/GSK1120212,0.1,3,pin2,F16,5457,23950.1,2597.324675,0.260676219,center1_scientistC_biolrep2_techreplicate_3,72
MCF10A,Trametinib/GSK1120212,0.1,4,pin2,F16,5394,23634.9,2597.324675,0.257836414,center1_scientistC_biolrep2_techreplicate_4,72
MCF10A,Trametinib/GSK1120212,0.31623,1,pin1,M04,5838,24224.2,2597.324675,0.285847762,center1_scientistC_biolrep2_techreplicate_1,72
MCF10A,Trametinib/GSK1120212,0.31623,2,pin1,M04,5870,24135.6,2597.324675,0.288567589,center1_scientistC_biolrep2_techreplicate_2,72
MCF10A,Trametinib/GSK1120212,0.31623,3,pin2,F15,5593,23950.1,2597.324675,0.27039657300000003,center1_scientistC_biolrep2_techreplicate_3,72
MCF10A,Trametinib/GSK1120212,0.31623,4,pin2,F15,5894,23634.9,2597.324675,0.293328083,center1_scientistC_biolrep2_techreplicate_4,72
MCF10A,Trametinib/GSK1120212,1.0,1,pin1,M03,5463,24224.2,2597.324675,0.259618395,center1_scientistC_biolrep2_techreplicate_1,72
MCF10A,Trametinib/GSK1120212,1.0,2,pin1,M03,5926,24135.6,2597.324675,0.29237746,center1_scientistC_biolrep2_techreplicate_2,72
MCF10A,Trametinib/GSK1120212,1.0,3,pin2,F14,5600,23950.1,2597.324675,0.270892464,center1_scientistC_biolrep2_techreplicate_3,72
MCF10A,Trametinib/GSK1120212,1.0,4,pin2,F14,5995,23634.9,2597.324675,0.300244203,center1_scientistC_biolrep2_techreplicate_4,72
MCF10A,Vorinostat,0.001,1,pin1,N12,24524,24224.2,2597.324675,1.007651206,center1_scientistC_biolrep2_techreplicate_1,72
MCF10A,Vorinostat,0.001,2,pin1,N12,23882,24135.6,2597.324675,0.993441945,center1_scientistC_biolrep2_techreplicate_2,72
MCF10A,Vorinostat,0.001,3,pin2,G23,24492,23950.1,2597.324675,1.014011096,center1_scientistC_biolrep2_techreplicate_3,72
MCF10A,Vorinostat,0.001,4,pin2,G23,23717,23634.9,2597.324675,1.002178117,center1_scientistC_biolrep2_techreplicate_4,72
MCF10A,Vorinostat,0.0031623000000000003,1,pin1,M12,23621,24224.2,2597.324675,0.984405578,center1_scientistC_biolrep2_techreplicate_1,72
MCF10A,Vorinostat,0.0031623000000000003,2,pin1,M12,23948,24135.6,2597.324675,0.995153295,center1_scientistC_biolrep2_techreplicate_2,72
MCF10A,Vorinostat,0.0031623000000000003,3,pin2,F23,24055,23950.1,2597.324675,1.002729141,center1_scientistC_biolrep2_techreplicate_3,72
MCF10A,Vorinostat,0.0031623000000000003,4,pin2,F23,23637,23634.9,2597.324675,1.000055778,center1_scientistC_biolrep2_techreplicate_4,72
MCF10A,Vorinostat,0.01,1,pin1,L12,24476,24224.2,2597.324675,1.006430549,center1_scientistC_biolrep2_techreplicate_1,72
MCF10A,Vorinostat,0.01,2,pin1,L12,24225,24135.6,2597.324675,1.002300548,center1_scientistC_biolrep2_techreplicate_2,72
MCF10A,Vorinostat,0.01,3,pin2,E23,24114,23950.1,2597.324675,1.004260524,center1_scientistC_biolrep2_techreplicate_3,72
MCF10A,Vorinostat,0.01,4,pin2,E23,23886,23634.9,2597.324675,1.006645464,center1_scientistC_biolrep2_techreplicate_4,72
MCF10A,Vorinostat,0.031623000000000005,1,pin1,K12,23835,24224.2,2597.324675,0.989969181,center1_scientistC_biolrep2_techreplicate_1,72
MCF10A,Vorinostat,0.031623000000000005,2,pin1,K12,23646,24135.6,2597.324675,0.987295775,center1_scientistC_biolrep2_techreplicate_2,72
MCF10A,Vorinostat,0.031623000000000005,3,pin2,D23,24280,23950.1,2597.324675,1.008555377,center1_scientistC_biolrep2_techreplicate_3,72
MCF10A,Vorinostat,0.031623000000000005,4,pin2,D23,24172,23634.9,2597.324675,1.014156439,center1_scientistC_biolrep2_techreplicate_4,72
MCF10A,Vorinostat,0.1,1,pin1,J12,23284,24224.2,2597.324675,0.975573308,center1_scientistC_biolrep2_techreplicate_1,72
MCF10A,Vorinostat,0.1,2,pin1,J12,23210,24135.6,2597.324675,0.975828887,center1_scientistC_biolrep2_techreplicate_2,72
MCF10A,Vorinostat,0.1,3,pin2,C23,24133,23950.1,2597.324675,1.004753132,center1_scientistC_biolrep2_techreplicate_3,72
MCF10A,Vorinostat,0.1,4,pin2,C23,24096,23634.9,2597.324675,1.012166491,center1_scientistC_biolrep2_techreplicate_4,72
MCF10A,Vorinostat,0.31623,1,pin1,G12,22010,24224.2,2597.324675,0.941364265,center1_scientistC_biolrep2_techreplicate_1,72
MCF10A,Vorinostat,0.31623,2,pin1,G12,21405,24135.6,2597.324675,0.926711734,center1_scientistC_biolrep2_techreplicate_2,72
MCF10A,Vorinostat,0.31623,3,pin2,N23,21971,23950.1,2597.324675,0.94689506,center1_scientistC_biolrep2_techreplicate_3,72
MCF10A,Vorinostat,0.31623,4,pin2,N23,22560,23634.9,2597.324675,0.970991693,center1_scientistC_biolrep2_techreplicate_4,72
MCF10A,Vorinostat,1.0,1,pin1,F12,16091,24224.2,2597.324675,0.76147802,center1_scientistC_biolrep2_techreplicate_1,72
MCF10A,Vorinostat,1.0,2,pin1,F12,15760,24135.6,2597.324675,0.751759945,center1_scientistC_biolrep2_techreplicate_2,72
MCF10A,Vorinostat,1.0,3,pin2,M23,18386,23950.1,2597.324675,0.8416366740000001,center1_scientistC_biolrep2_techreplicate_3,72
MCF10A,Vorinostat,1.0,4,pin2,M23,17923,23634.9,2597.324675,0.8336573490000001,center1_scientistC_biolrep2_techreplicate_4,72
MCF10A,Vorinostat,3.1623,1,pin1,E12,7679,24224.2,2597.324675,0.400048804,center1_scientistC_biolrep2_techreplicate_1,72
MCF10A,Vorinostat,3.1623,2,pin1,E12,7135,24135.6,2597.324675,0.369181791,center1_scientistC_biolrep2_techreplicate_2,72
MCF10A,Vorinostat,3.1623,3,pin2,L23,9754,23950.1,2597.324675,0.511136615,center1_scientistC_biolrep2_techreplicate_3,72
MCF10A,Vorinostat,3.1623,4,pin2,L23,9499,23634.9,2597.324675,0.502339778,center1_scientistC_biolrep2_techreplicate_4,72
MCF10A,Vorinostat,10.0,1,pin1,D12,3286,24224.2,2597.324675,0.075740712,center1_scientistC_biolrep2_techreplicate_1,72
MCF10A,Vorinostat,10.0,2,pin1,D12,3299,24135.6,2597.324675,0.07719147700000001,center1_scientistC_biolrep2_techreplicate_2,72
MCF10A,Vorinostat,10.0,3,pin2,K23,3745,23950.1,2597.324675,0.12095401,center1_scientistC_biolrep2_techreplicate_3,72
MCF10A,Vorinostat,10.0,4,pin2,K23,3194,23634.9,2597.324675,0.067063151,center1_scientistC_biolrep2_techreplicate_4,72
MCF10A,Etoposide,0.316227766,1,d2,G03,7651,23545.75,2110.090909,0.447931053,center1_scientistC_biolrep2_techreplicate_1,72
MCF10A,Etoposide,0.031666667,1,d2,G08,19220,23545.75,2110.090909,0.886677023,center1_scientistC_biolrep2_techreplicate_1,72
MCF10A,Etoposide,3.16227766,1,d2,G12,2414,23545.75,2110.090909,0.039421151,center1_scientistC_biolrep2_techreplicate_1,72
MCF10A,Etoposide,0.001083333,1,d2,G14,22896,23545.75,2110.090909,0.983982648,center1_scientistC_biolrep2_techreplicate_1,72
MCF10A,Etoposide,1.0,1,d2,G15,2868,23545.75,2110.090909,0.092187707,center1_scientistC_biolrep2_techreplicate_1,72
MCF10A,Etoposide,0.1,1,d2,G21,14483,23545.75,2110.090909,0.7393374859999999,center1_scientistC_biolrep2_techreplicate_1,72
MCF10A,Etoposide,0.003333333,1,d2,H12,23305,23545.75,2110.090909,0.994102309,center1_scientistC_biolrep2_techreplicate_1,72
MCF10A,Etoposide,10.0,1,d2,H14,2210,23545.75,2110.090909,0.013381935,center1_scientistC_biolrep2_techreplicate_1,72
MCF10A,Etoposide,0.01,1,d2,H15,21557,23545.75,2110.090909,0.949923513,center1_scientistC_biolrep2_techreplicate_1,72
MCF10A,Etoposide,0.031666667,2,d3,G05,21003,23256.25,2110.090909,0.941989353,center1_scientistC_biolrep2_techreplicate_2,72
MCF10A,Etoposide,0.316227766,2,d3,G06,8122,23256.25,2110.090909,0.475945057,center1_scientistC_biolrep2_techreplicate_2,72
MCF10A,Etoposide,0.01,2,d3,G17,22631,23256.25,2110.090909,0.984318665,center1_scientistC_biolrep2_techreplicate_2,72
MCF10A,Etoposide,1.0,2,d3,G21,3130,23256.25,2110.090909,0.120624737,center1_scientistC_biolrep2_techreplicate_2,72
MCF10A,Etoposide,0.001083333,2,d3,H08,22869,23256.25,2110.090909,0.990323622,center1_scientistC_biolrep2_techreplicate_2,72
MCF10A,Etoposide,10.0,2,d3,H14,2458,23256.25,2110.090909,0.045066373,center1_scientistC_biolrep2_techreplicate_2,72
MCF10A,Etoposide,0.1,2,d3,H16,15726,23256.25,2110.090909,0.7862882990000001,center1_scientistC_biolrep2_techreplicate_2,72
MCF10A,Etoposide,0.003333333,2,d3,H19,22019,23256.25,2110.090909,0.968668356,center1_scientistC_biolrep2_techreplicate_2,72
MCF10A,Etoposide,3.16227766,2,d3,H22,2437,23256.25,2110.090909,0.042479663,center1_scientistC_biolrep2_techreplicate_2,72
MCF10A,Etoposide,3.16227766,3,d4,G02,2264,23309.5,2110.090909,0.020522655,center1_scientistC_biolrep2_techreplicate_3,72
MCF10A,Etoposide,0.001083333,3,d4,G13,23213,23309.5,2110.090909,0.997607269,center1_scientistC_biolrep2_techreplicate_3,72
MCF10A,Etoposide,1.0,3,d4,G17,3304,23309.5,2110.090909,0.138132752,center1_scientistC_biolrep2_techreplicate_3,72
MCF10A,Etoposide,0.316227766,3,d4,G19,9679,23309.5,2110.090909,0.551985824,center1_scientistC_biolrep2_techreplicate_3,72
MCF10A,Etoposide,0.003333333,3,d4,H02,23502,23309.5,2110.090909,1.004752094,center1_scientistC_biolrep2_techreplicate_3,72
MCF10A,Etoposide,0.1,3,d4,H07,15224,23309.5,2110.090909,0.7686669890000001,center1_scientistC_biolrep2_techreplicate_3,72
MCF10A,Etoposide,0.01,3,d4,H13,21677,23309.5,2110.090909,0.95853239,center1_scientistC_biolrep2_techreplicate_3,72
MCF10A,Etoposide,10.0,3,d4,H16,2829,23309.5,2110.090909,0.08828402,center1_scientistC_biolrep2_techreplicate_3,72
MCF10A,Etoposide,0.031666667,3,d4,H17,19460,23309.5,2110.090909,0.898497876,center1_scientistC_biolrep2_techreplicate_3,72
